"1","login1","link1","3211","false","1"
"2","login2","link2","3212","false","1"
"3","login3","link3","3213","false","1"
"5","login5","link5","3215","false","2"
"6","login6","link6","3216","false","2"
"7","login7","link7","3217","false","2"
"9","login9","link9","3219","false","3"
"10","login10","link10","32110","false","3"
"11","login11","link11","32111","false","3"
"21","login21","link21","32121","false","5"
"22","login22","link22","32122","false","5"
"23","login23","link23","32123","false","5"
"25","login25","link25","32125","false","6"
"26","login26","link26","32126","false","6"
"27","login27","link27","32127","false","6"
"29","login29","link29","32129","false","7"
"30","login30","link30","32130","false","7"
"31","login31","link31","32131","false","7"
"41","login41","link41","32141","false","9"
"42","login42","link42","32142","false","9"
"43","login43","link43","32143","false","9"
"45","login45","link45","32145","false","10"
"46","login46","link46","32146","false","10"
"47","login47","link47","32147","false","10"
"49","login49","link49","32149","false","11"
"50","login50","link50","32150","false","11"
"51","login51","link51","32151","false","11"
